City_ID,City,Country,Date,Lat,Lng,Max Temp,Humidity,Cloudiness,Wind Speed
0,Bethel,US,2022-04-03 04:05:14,41.3712,-73.414,41.94,69,0,0.0
1,Port Elizabeth,ZA,2022-04-03 04:08:13,-33.918,25.5701,65.1,99,100,4.0
2,Butaritari,KI,2022-04-03 04:08:14,3.0707,172.7902,81.93,77,25,15.79
3,Kapaa,US,2022-04-03 04:08:14,22.0752,-159.319,80.58,93,75,21.85
4,Santa Paula,US,2022-04-03 04:04:25,34.3542,-119.0593,60.24,80,100,4.61
5,Hermanus,ZA,2022-04-03 04:08:15,-34.4187,19.2345,57.79,85,15,10.18
6,Arraial Do Cabo,BR,2022-04-03 04:08:15,-22.9661,-42.0278,76.19,88,98,10.02
7,Coquimbo,CL,2022-04-03 04:08:16,-29.9533,-71.3436,53.33,93,20,3.44
8,Pisco,PE,2022-04-03 04:08:16,-13.7,-76.2167,66.25,82,82,6.91
9,Port Alfred,ZA,2022-04-03 04:05:07,-33.5906,26.891,64.18,96,100,5.01
10,Mataura,NZ,2022-04-03 04:08:17,-46.1927,168.8643,61.41,62,29,7.25
11,Almeria,ES,2022-04-03 04:08:17,37.1667,-2.3333,44.76,47,97,6.76
12,Semey,KZ,2022-04-03 04:08:18,50.4111,80.2275,44.82,76,0,6.71
13,Hobart,AU,2022-04-03 04:08:18,-42.8794,147.3294,62.26,71,75,8.05
14,Gat,IL,2022-04-03 04:06:01,31.61,34.7642,71.4,49,100,4.52
15,Shingu,JP,2022-04-03 04:08:18,33.7333,135.9833,52.56,87,100,9.69
16,Barrow,US,2022-04-03 04:05:01,71.2906,-156.7887,-5.78,71,75,18.41
17,New Norfolk,AU,2022-04-03 04:08:19,-42.7826,147.0587,61.92,51,35,3.91
18,Rocha,UY,2022-04-03 04:07:27,-34.4833,-54.3333,55.02,95,0,6.2
19,Llandrindod Wells,GB,2022-04-03 04:08:20,52.2416,-3.3787,32.94,86,39,2.44
20,Hobyo,SO,2022-04-03 04:08:20,5.3505,48.5268,81.84,70,36,12.21
21,College,US,2022-04-03 04:08:21,64.8569,-147.8028,22.59,78,75,10.36
22,Vaini,TO,2022-04-03 04:08:21,-21.2,-175.2,82.56,83,75,5.75
23,Luderitz,NA,2022-04-03 04:08:21,-26.6481,15.1594,57.06,86,1,8.08
24,Vrangel,RU,2022-04-03 04:08:22,42.7297,133.0839,42.15,72,3,6.26
25,Ushuaia,AR,2022-04-03 04:08:22,-54.8,-68.3,38.86,81,40,4.61
26,Eureka,US,2022-04-03 04:08:22,40.8021,-124.1637,48.92,85,1,5.99
27,Gazanjyk,TM,2022-04-03 04:08:23,39.2446,55.5154,74.39,20,0,2.39
28,Tasiilaq,GL,2022-04-03 04:08:23,65.6145,-37.6368,28.56,93,100,12.46
29,Ulagan,RU,2022-04-03 04:08:24,50.6321,87.9563,37.83,77,84,0.58
30,Lata,PT,2022-04-03 04:08:24,40.1629,-8.3327,37.89,59,31,4.41
31,Nelson Bay,AU,2022-04-03 04:08:24,-32.7167,152.15,75.09,55,100,13.2
32,Pevek,RU,2022-04-03 04:08:25,69.7008,170.3133,1.24,87,100,3.2
33,Saint-Philippe,RE,2022-04-03 04:08:25,-21.3585,55.7679,74.1,91,100,15.66
34,Lompoc,US,2022-04-03 04:07:15,34.6391,-120.4579,58.01,88,100,4.61
35,Rapid Valley,US,2022-04-03 04:08:26,44.0625,-103.1463,48.6,51,0,8.01
36,Caravelas,BR,2022-04-03 04:03:45,-17.7125,-39.2481,74.12,90,0,4.03
37,Kodinsk,RU,2022-04-03 04:08:27,58.6881,99.1844,25.72,73,56,10.22
38,Faanui,PF,2022-04-03 04:08:27,-16.4833,-151.75,82.45,69,16,2.91
39,Khatanga,RU,2022-04-03 04:08:27,71.9667,102.5,-1.12,93,100,8.99
40,Viedma,AR,2022-04-03 04:08:28,-40.8135,-62.9967,67.8,36,48,24.34
41,Tungor,RU,2022-04-03 04:08:28,53.3808,142.9564,35.64,95,45,7.67
42,Atuona,PF,2022-04-03 04:08:28,-9.8,-139.0333,79.75,75,21,18.92
43,Alpena,US,2022-04-03 04:08:29,45.0617,-83.4327,32.32,96,100,0.0
44,Bluff,NZ,2022-04-03 04:08:29,-46.6,168.3333,57.92,72,85,17.74
45,Smithers,CA,2022-04-03 04:04:21,54.7804,-127.1743,33.6,86,96,3.4
46,Kodiak,US,2022-04-03 04:09:30,57.79,-152.4072,36.91,75,40,0.0
47,Porbandar,IN,2022-04-03 04:09:30,21.6422,69.6093,82.74,54,2,5.97
48,Odweyne,SO,2022-04-03 04:09:30,9.4092,45.064,69.8,58,8,9.8
49,Ulaangom,MN,2022-04-03 04:09:31,49.9811,92.0667,22.78,89,99,3.36
50,Caucasia,CO,2022-04-03 04:09:31,7.9865,-75.1935,77.76,89,86,3.44
51,Hithadhoo,MV,2022-04-03 04:06:38,-0.6,73.0833,83.46,68,12,5.7
52,Sao Joao Da Barra,BR,2022-04-03 04:05:23,-21.6403,-41.0511,75.6,87,22,4.79
53,Rikitea,PF,2022-04-03 04:09:28,-23.1203,-134.9692,75.63,60,7,8.75
54,Ribeira Grande,PT,2022-04-03 04:09:34,38.5167,-28.7,59.49,77,99,22.44
55,Edd,ER,2022-04-03 04:09:34,13.9297,41.6925,87.51,31,0,12.01
56,Bol,TD,2022-04-03 04:09:34,13.4586,14.7147,81.36,34,100,13.15
57,Saskylakh,RU,2022-04-03 04:09:36,71.9167,114.0833,0.86,94,100,10.49
58,Olinda,BR,2022-04-03 04:09:36,-8.0089,-34.8553,78.53,89,75,0.0
59,Kulhudhuffushi,MV,2022-04-03 04:09:37,6.6221,73.07,83.05,71,11,5.1
60,Albany,US,2022-04-03 04:07:07,42.6001,-73.9662,39.31,64,100,2.66
61,Narsaq,GL,2022-04-03 04:09:37,60.9167,-46.05,37.62,94,100,4.36
62,Port Hardy,CA,2022-04-03 04:09:38,50.6996,-127.4199,41.63,93,100,16.98
63,Griffith,US,2022-04-03 04:09:38,41.5284,-87.4237,37.33,92,100,5.75
64,Yellowknife,CA,2022-04-03 04:09:39,62.456,-114.3525,2.28,97,100,5.32
65,Roald,NO,2022-04-03 04:09:40,62.5833,6.1333,37.76,93,100,16.11
66,Belvedere Marittimo,IT,2022-04-03 04:09:40,39.6179,15.8617,46.11,76,81,16.13
67,Coihaique,CL,2022-04-03 04:06:08,-45.5752,-72.0662,41.61,87,0,3.44
68,Petropavlovsk-Kamchatskiy,RU,2022-04-03 04:06:55,53.0452,158.6483,32.59,44,40,20.13
69,Husavik,IS,2022-04-03 04:09:41,66.0449,-17.3389,36.05,97,100,4.88
70,Houma,US,2022-04-03 04:09:41,29.5958,-90.7195,63.0,82,0,0.0
71,Krasnoselkup,RU,2022-04-03 04:09:42,65.7,82.4667,13.28,93,100,5.68
72,Busselton,AU,2022-04-03 04:09:42,-33.65,115.3333,70.74,81,88,17.45
73,Ahipara,NZ,2022-04-03 04:09:42,-35.1667,173.1667,72.25,65,82,1.95
74,Biel,CH,2022-04-03 04:09:43,47.1324,7.2441,31.05,86,75,3.44
75,Helong,CN,2022-04-03 04:09:43,42.5397,128.9972,56.39,23,4,6.17
76,Bathsheba,BB,2022-04-03 04:09:45,13.2167,-59.5167,77.61,73,40,21.85
77,Avarua,CK,2022-04-03 04:09:45,-21.2078,-159.775,82.45,78,40,3.44
78,Qaanaaq,GL,2022-04-03 04:09:46,77.484,-69.3632,7.68,71,22,7.67
79,Dikson,RU,2022-04-03 04:09:46,73.5069,80.5464,2.73,94,24,7.74
80,Punta Arenas,CL,2022-04-03 04:09:47,-53.15,-70.9167,44.71,76,0,23.02
81,Thompson,CA,2022-04-03 04:09:47,55.7435,-97.8558,10.76,97,96,2.75
82,Vardo,NO,2022-04-03 04:09:47,70.3705,31.1107,28.6,80,100,14.38
83,Apastovo,RU,2022-04-03 04:09:48,55.2029,48.5109,40.48,100,100,19.48
84,Salinopolis,BR,2022-04-03 04:09:48,-0.6136,-47.3561,78.17,88,51,9.42
85,Jumla,NP,2022-04-03 04:09:49,29.2747,82.1838,64.36,29,0,6.06
86,Pingliang,CN,2022-04-03 04:09:49,35.5392,106.6861,57.69,41,83,8.34
87,Clyde River,CA,2022-04-03 04:09:49,70.4692,-68.5914,8.83,85,100,4.61
88,Celestun,MX,2022-04-03 04:09:50,20.8667,-90.4,77.58,85,57,13.82
89,Kaeo,NZ,2022-04-03 04:09:50,-35.1,173.7833,74.32,79,100,3.11
90,Saint George,US,2022-04-03 04:06:49,37.1041,-113.5841,71.64,24,0,6.91
91,Puerto Ayora,EC,2022-04-03 04:10:52,-0.7393,-90.3518,77.56,96,30,6.42
92,Aplahoue,BJ,2022-04-03 04:10:52,6.9333,1.6833,76.14,84,78,4.59
93,Zabid,YE,2022-04-03 04:10:53,14.1951,43.3152,81.46,52,0,1.81
94,Whitehorse,CA,2022-04-03 04:10:53,60.7161,-135.0538,36.37,51,75,9.22
95,Cabo San Lucas,MX,2022-04-03 04:10:54,22.8909,-109.9124,71.62,66,100,1.01
96,Komsomolskiy,UZ,2022-04-03 04:10:54,40.4272,71.7189,63.32,45,0,4.61
97,Oussouye,SN,2022-04-03 04:10:54,12.485,-16.5469,67.48,76,53,4.81
98,Ugoofaaru,MV,2022-04-03 04:10:55,5.6667,73.0,82.94,69,10,2.86
99,Grinnell,US,2022-04-03 04:10:55,41.743,-92.7224,40.98,70,0,3.44
100,Grindavik,IS,2022-04-03 04:10:55,63.8424,-22.4338,45.07,100,100,12.66
101,Aneho,TG,2022-04-03 04:10:56,6.2333,1.6,81.63,81,99,10.09
102,Copiapo,CL,2022-04-03 04:09:27,-27.3667,-70.3333,61.66,71,0,0.96
103,Bredasdorp,ZA,2022-04-03 04:10:56,-34.5322,20.0403,58.66,86,39,2.64
104,Castro,BR,2022-04-03 04:10:57,-24.7911,-50.0119,58.59,97,100,10.0
105,Vicosa Do Ceara,BR,2022-04-03 04:07:29,-3.5622,-41.0922,65.64,93,86,2.28
106,Kyzyl,RU,2022-04-03 04:10:57,51.7,94.45,33.46,77,99,3.24
107,Mahebourg,MU,2022-04-03 04:10:58,-20.4081,57.7,77.29,94,75,12.66
108,Hilo,US,2022-04-03 04:10:59,19.7297,-155.09,76.73,82,100,10.36
109,Mount Isa,AU,2022-04-03 04:11:01,-20.7333,139.5,96.57,13,40,6.91
110,Changji,CN,2022-04-03 04:11:01,44.0167,87.3167,61.59,27,0,2.24
111,Isla Mujeres,MX,2022-04-03 04:11:01,21.2311,-86.731,78.85,81,81,12.39
112,Tommot,RU,2022-04-03 04:11:02,58.9564,126.2925,24.17,72,100,7.4
113,Pauini,BR,2022-04-03 04:11:02,-7.7136,-66.9764,66.02,97,97,0.56
114,Codrington,AU,2022-04-03 04:11:03,-38.2667,141.9667,63.93,67,98,7.92
115,Upernavik,GL,2022-04-03 04:11:03,72.7868,-56.1549,7.5,96,97,10.49
116,Saldanha,ZA,2022-04-03 04:11:04,-33.0117,17.9442,58.96,82,0,8.9
117,Airai,TL,2022-04-03 04:11:04,-8.9266,125.4092,75.85,44,39,1.77
118,Chapais,CA,2022-04-03 04:11:04,49.7834,-74.8492,24.19,98,100,3.06
119,Mangai,CD,2022-04-03 04:11:05,-4.05,19.5333,66.52,99,100,0.58
120,Bafra,TR,2022-04-03 04:11:05,41.5678,35.9069,58.82,56,24,6.49
121,Faya,SA,2022-04-03 04:11:06,18.3851,42.4509,57.72,21,0,4.52
122,El Penon,CO,2022-04-03 04:11:06,8.9892,-73.9486,77.47,90,60,2.1
123,Phek,IN,2022-04-03 04:11:07,25.6667,94.5,78.12,34,11,2.3
124,Victoria,HK,2022-04-03 04:09:15,22.2855,114.1577,72.97,37,31,5.99
125,San Vicente,AR,2022-04-03 04:11:07,-26.6167,-54.1333,63.97,83,25,5.39
126,Talcahuano,CL,2022-04-03 04:11:08,-36.7167,-73.1167,53.28,87,0,10.36
127,Georgetown,MY,2022-04-03 04:11:08,5.4112,100.3354,85.95,66,20,8.05
128,Nikolskoye,RU,2022-04-03 04:11:09,59.7035,30.7861,24.87,95,5,2.8
129,Torbay,CA,2022-04-03 04:11:09,47.6666,-52.7314,35.58,90,100,5.99
130,Marsh Harbour,BS,2022-04-03 04:11:09,26.5412,-77.0636,76.39,82,100,9.91
131,Korla,CN,2022-04-03 04:11:10,41.7597,86.1469,63.75,18,33,5.32
132,Tiksi,RU,2022-04-03 04:11:10,71.6872,128.8694,-2.69,95,94,7.99
133,Hammerfest,NO,2022-04-03 04:11:11,70.6634,23.6821,19.85,79,100,3.44
134,Vao,NC,2022-04-03 04:11:11,-22.6667,167.4833,79.07,88,89,21.83
135,Kirakira,SB,2022-04-03 04:11:11,-10.4544,161.9205,84.9,70,83,8.39
136,Lavrentiya,RU,2022-04-03 04:11:12,65.5833,-171.0,5.27,79,0,11.12
137,Norman Wells,CA,2022-04-03 04:11:12,65.282,-126.8329,-9.99,98,81,3.27
138,Flin Flon,CA,2022-04-03 04:12:12,54.7682,-101.865,23.74,94,100,5.39
139,Mar Del Plata,AR,2022-04-03 04:08:41,-38.0023,-57.5575,60.87,88,0,21.0
140,Pedernales,DO,2022-04-03 04:12:13,18.0384,-71.744,77.88,66,11,2.44
141,Yishui,CN,2022-04-03 04:12:13,35.7847,118.6281,60.93,33,0,8.48
142,Mollendo,PE,2022-04-03 04:12:14,-17.0231,-72.0147,67.95,85,50,7.38
143,Amboasary,MG,2022-04-03 04:12:14,-25.0333,46.3833,71.28,82,0,2.15
144,Mitsamiouli,KM,2022-04-03 04:12:14,-11.3847,43.2844,80.71,73,62,2.39
145,Eydhafushi,MV,2022-04-03 04:12:15,5.1033,73.0708,82.94,68,20,2.82
146,Palmer,US,2022-04-03 04:12:15,42.1584,-72.3287,40.5,79,0,0.0
147,Dudinka,RU,2022-04-03 04:12:16,69.4058,86.1778,7.63,94,96,7.07
148,Jalu,LY,2022-04-03 04:12:16,29.0331,21.5482,70.3,21,98,8.86
149,Chinsali,ZM,2022-04-03 04:12:17,-10.5414,32.0816,61.34,98,83,2.73
150,Ancud,CL,2022-04-03 04:12:17,-41.8697,-73.8203,46.87,79,45,9.01
151,Katsuura,JP,2022-04-03 04:12:17,35.1333,140.3,51.82,65,100,16.35
152,Hasaki,JP,2022-04-03 04:12:18,35.7333,140.8333,55.29,57,100,14.76
153,Alofi,NU,2022-04-03 04:12:19,-19.0595,-169.9187,80.51,72,41,10.85
154,Fairbanks,US,2022-04-03 04:07:40,64.8378,-147.7164,22.6,77,100,10.36
155,Anadyr,RU,2022-04-03 04:12:19,64.75,177.4833,12.7,66,0,4.47
156,Jamestown,US,2022-04-03 04:11:39,42.097,-79.2353,35.24,64,0,0.0
157,Talnakh,RU,2022-04-03 04:12:20,69.4865,88.3972,7.21,92,99,6.08
158,Bandarbeyla,SO,2022-04-03 04:12:20,9.4942,50.8122,77.49,82,9,2.24
159,Hue,VN,2022-04-03 04:12:20,16.4667,107.6,64.51,94,75,9.22
160,Chuy,UY,2022-04-03 04:12:21,-33.6971,-53.4616,62.96,82,0,10.07
161,Aconibe,GQ,2022-04-03 04:12:21,1.2968,10.9369,67.84,96,89,2.35
162,Provideniya,RU,2022-04-03 04:12:21,64.3833,-173.3,15.13,65,0,9.78
163,Kadnikov,RU,2022-04-03 04:12:22,59.5022,40.338,23.86,90,100,11.23
164,New Richmond,US,2022-04-03 04:10:21,45.123,-92.5366,38.88,64,100,6.91
165,East London,ZA,2022-04-03 04:12:22,-33.0153,27.9116,67.39,91,100,17.45
166,Port-Gentil,GA,2022-04-03 04:12:23,-0.7193,8.7815,78.21,78,98,3.78
167,Leningradskiy,RU,2022-04-03 04:12:23,69.3833,178.4167,-3.12,94,100,11.63
168,Juegang,CN,2022-04-03 04:12:24,32.3174,121.1855,53.98,48,0,7.94
169,Cherskiy,RU,2022-04-03 04:12:24,68.75,161.3,3.51,84,77,5.77
170,Nabire,ID,2022-04-03 04:12:24,-3.3667,135.4833,89.22,51,28,5.01
171,Camocim,BR,2022-04-03 04:12:25,-2.9022,-40.8411,74.01,90,87,8.37
172,Cape Town,ZA,2022-04-03 04:08:37,-33.9258,18.4232,61.27,76,0,5.01
173,Tuktoyaktuk,CA,2022-04-03 04:12:25,69.4541,-133.0374,-7.47,99,100,3.49
174,Mandalgovi,MN,2022-04-03 04:12:26,45.7625,106.2708,51.58,12,80,12.41
175,Xichang,CN,2022-04-03 04:12:26,27.8964,102.2634,59.7,55,51,4.85
176,Santa Fe,AR,2022-04-03 04:07:55,-31.6333,-60.7,66.0,67,83,4.0
177,Hami,CN,2022-04-03 04:12:27,42.8,93.45,61.57,14,38,3.31
178,Geraldton,AU,2022-04-03 04:12:27,-28.7667,114.6,81.01,74,75,13.8
179,Cartagena Del Chaira,CO,2022-04-03 04:12:28,1.3349,-74.8429,70.5,99,84,2.75
180,Bengkulu,ID,2022-04-03 04:12:28,-3.8004,102.2655,84.45,61,15,7.56
181,Manzhouli,CN,2022-04-03 04:12:28,49.6,117.4333,58.15,17,22,17.13
182,Grand Gaube,MU,2022-04-03 04:12:29,-20.0064,57.6608,77.4,89,100,8.99
183,Balancan,MX,2022-04-03 04:12:29,17.8,-91.5333,78.19,87,100,5.23
184,Bichura,RU,2022-04-03 04:12:30,50.5881,107.6022,44.04,55,79,11.34
185,Ponta Do Sol,PT,2022-04-03 04:12:30,32.6667,-17.1,62.01,83,100,11.88
186,Bilma,NE,2022-04-03 04:13:30,18.6853,12.9164,78.78,5,87,6.04
187,Klaksvik,FO,2022-04-03 04:13:31,62.2266,-6.589,43.72,90,100,21.83
188,Ostrovnoy,RU,2022-04-03 04:13:31,68.0531,39.5131,18.59,88,100,11.41
189,Porgera,PG,2022-04-03 04:13:32,-5.4667,143.2,50.16,90,80,2.53
190,Nhlangano,SZ,2022-04-03 04:13:15,-27.1167,31.2,59.54,97,52,2.64
191,Mayo,US,2022-04-03 04:13:32,38.8876,-76.5119,48.15,77,0,12.66
192,Labuhan,ID,2022-04-03 04:13:33,-6.8844,112.2051,86.65,66,34,3.38
193,Tual,ID,2022-04-03 04:13:33,-5.6667,132.75,82.31,63,45,0.65
194,Chicama,PE,2022-04-03 04:13:34,-7.8447,-79.1469,64.94,81,99,7.02
195,La Ronge,CA,2022-04-03 04:13:34,55.1001,-105.2842,29.14,90,100,7.34
196,Kavieng,PG,2022-04-03 04:13:36,-2.5744,150.7967,82.53,76,45,12.06
197,Pskov,RU,2022-04-03 04:13:36,57.8136,28.3496,19.31,79,0,2.24
198,Pedroso,PT,2022-04-03 04:13:37,41.411,-8.749,46.96,70,0,4.61
199,Soyo,AO,2022-04-03 04:13:37,-6.1349,12.3689,78.55,90,100,5.79
200,Riviere-Au-Renard,CA,2022-04-03 04:13:37,48.9957,-64.3971,31.42,78,18,30.31
201,Oranjemund,NA,2022-04-03 04:13:38,-28.55,16.4333,55.87,95,90,1.92
202,Mao,ES,2022-04-03 04:13:38,39.8885,4.2658,45.16,76,40,9.22
203,Brazzaville,CG,2022-04-03 04:13:39,-4.2658,15.2832,73.51,93,100,3.18
204,Gorno-Altaysk,RU,2022-04-03 04:13:39,51.9561,85.955,45.52,77,100,5.41
205,Biak,ID,2022-04-03 04:13:39,-0.9131,122.8766,82.27,74,100,2.39
206,Vanimo,PG,2022-04-03 04:13:40,-2.6741,141.3028,85.59,67,100,3.78
207,Portland,US,2022-04-03 04:10:55,45.5234,-122.6762,52.25,70,20,3.44
208,Mandurah,AU,2022-04-03 04:13:40,-32.55,115.7,77.23,63,18,8.03
209,Carbonia,IT,2022-04-03 04:13:41,39.1672,8.5222,43.02,59,61,12.39
210,Kulu,TR,2022-04-03 04:13:41,39.0951,33.0799,48.9,46,41,8.5
211,Longyearbyen,SJ,2022-04-03 04:13:42,78.2186,15.6401,4.84,66,20,17.27
212,Chumikan,RU,2022-04-03 04:13:42,54.7183,135.315,37.71,90,99,10.69
213,Constitucion,CL,2022-04-03 04:13:42,-35.3333,-72.4167,55.9,94,86,13.04
214,Chokurdakh,RU,2022-04-03 04:13:43,70.6333,147.9167,2.08,90,25,4.52
215,Namibe,AO,2022-04-03 04:13:43,-15.1961,12.1522,70.54,87,100,6.13
216,Ambon,ID,2022-04-03 04:13:44,-3.6954,128.1814,91.54,62,40,6.91
217,Afua,BR,2022-04-03 04:13:44,-0.1567,-50.3867,74.79,95,97,3.89
218,Ikwiriri,TZ,2022-04-03 04:13:45,-7.9562,38.9716,73.69,92,81,2.28
219,Kargasok,RU,2022-04-03 04:13:45,59.0556,80.8572,24.67,86,99,5.82
220,Jiangyou,CN,2022-04-03 04:13:45,31.7667,104.7167,56.88,77,100,1.39
221,Bambous Virieux,MU,2022-04-03 04:13:46,-20.3428,57.7575,77.25,94,75,12.66
222,Burnie,AU,2022-04-03 04:13:46,-41.0667,145.9167,65.98,49,75,4.54
223,Manga,BF,2022-04-03 04:13:47,11.6636,-1.0731,85.91,44,100,7.25
224,Broken Hill,AU,2022-04-03 04:13:47,-31.95,141.4333,70.41,35,60,10.27
225,Pimentel,PE,2022-04-03 04:13:47,-6.8367,-79.9342,69.13,85,68,12.5
226,Xining,CN,2022-04-03 04:13:48,36.6167,101.7667,49.69,23,100,2.01
227,Yar-Sale,RU,2022-04-03 04:13:48,66.8333,70.8333,5.79,91,11,7.14
228,San Francisco,US,2022-04-03 04:10:23,37.7749,-122.4194,67.28,72,40,14.97
229,Marshall,US,2022-04-03 04:13:49,34.3834,-86.3333,52.93,72,40,0.0
230,Vanderhoof,CA,2022-04-03 04:13:49,54.0166,-124.0198,38.1,69,100,6.91
231,Tuatapere,NZ,2022-04-03 04:14:49,-46.1333,167.6833,59.68,71,42,9.33
232,Sao Filipe,CV,2022-04-03 04:14:50,14.8961,-24.4956,70.2,76,61,3.78
233,Shillong,IN,2022-04-03 04:14:50,25.5689,91.8831,71.08,57,7,3.98
234,Saint-Augustin,CA,2022-04-03 04:14:51,51.226,-58.6502,33.22,96,100,18.16
235,Daru,PG,2022-04-03 04:10:09,-9.0763,143.2092,83.95,69,69,6.2
236,Tunceli,TR,2022-04-03 04:14:51,39.1083,39.5471,49.82,68,9,4.41
237,Lagoa,PT,2022-04-03 04:14:52,39.05,-27.9833,58.46,80,51,21.88
238,Vulcan,RO,2022-04-03 04:14:52,45.3833,23.2667,31.35,85,94,4.83
239,Teya,RU,2022-04-03 04:14:52,60.3778,92.6267,25.88,76,95,9.22
240,Sao Borja,BR,2022-04-03 04:14:53,-28.6606,-56.0044,64.94,79,88,6.6
241,Khairpur Nathan Shah,PK,2022-04-03 04:14:53,27.0936,67.7337,92.95,5,13,1.25
242,Saint-Louis,SN,2022-04-03 04:14:53,16.3333,-15.0,68.67,46,1,12.1
243,Hanna,CA,2022-04-03 04:14:54,51.6334,-111.9018,34.86,74,73,8.99
244,Porto Novo,BJ,2022-04-03 04:14:54,6.4965,2.6036,80.62,84,100,7.14
245,Poli,TZ,2022-04-03 04:14:54,-3.3333,36.8,58.51,91,82,1.81
246,Bac Lieu,VN,2022-04-03 04:14:55,9.285,105.7244,84.09,69,82,9.46
247,Calvinia,ZA,2022-04-03 04:14:55,-31.4707,19.776,56.01,71,4,6.62
248,Stephenville,US,2022-04-03 04:14:56,32.2207,-98.2023,62.73,54,0,1.99
249,Aklavik,CA,2022-04-03 04:14:56,68.2191,-135.0107,-15.47,98,99,6.93
250,Sable-Sur-Sarthe,FR,2022-04-03 04:14:56,47.8376,-0.3329,32.25,86,5,7.63
251,Tatawin,TN,2022-04-03 04:14:57,32.9297,10.4518,53.28,85,71,16.2
252,Iquique,CL,2022-04-03 04:12:10,-20.2208,-70.1431,62.64,76,2,2.42
253,Teknaf,BD,2022-04-03 04:14:57,20.8624,92.3058,85.73,64,33,4.34
254,Lebu,CL,2022-04-03 04:14:58,-37.6167,-73.65,52.03,75,30,13.85
255,Hay River,CA,2022-04-03 04:14:58,60.8156,-115.7999,-4.68,100,81,4.61
256,Kaitangata,NZ,2022-04-03 04:14:58,-46.2817,169.8464,64.18,56,84,9.13
257,Talhar,PK,2022-04-03 04:14:59,24.8833,68.8167,90.84,13,2,9.46
258,Kijang,KR,2022-04-03 04:14:59,35.2442,129.2139,55.29,55,0,7.56
259,Tautira,PF,2022-04-03 04:14:59,-17.7333,-149.15,81.68,79,70,9.42
260,Morehead,US,2022-04-03 04:15:00,37.2711,-87.1764,49.75,68,0,10.36
261,Esmeraldas,BR,2022-04-03 04:11:12,-19.7625,-44.3139,72.46,91,93,3.29
262,Xiaoweizhai,CN,2022-04-03 04:15:00,26.1903,107.5125,63.82,43,0,4.68
263,Bonavista,CA,2022-04-03 04:15:01,48.6499,-53.1147,33.12,87,100,19.06
264,Moron,AR,2022-04-03 04:15:01,-34.6534,-58.6198,65.95,70,0,7.65
265,Cidreira,BR,2022-04-03 04:15:01,-30.1811,-50.2056,70.27,77,13,20.22
266,Nizhniy Kuranakh,RU,2022-04-03 04:12:16,58.8353,125.4869,22.55,83,100,8.72
267,Moree,AU,2022-04-03 04:15:02,-29.4667,149.85,60.82,88,75,13.8
268,Namanga,KE,2022-04-03 04:15:02,-2.5433,36.7905,64.33,88,98,2.1
269,Manhattan,US,2022-04-03 04:14:43,40.7834,-73.9662,45.01,73,0,10.0
270,Tianpeng,CN,2022-04-03 04:15:03,30.9866,103.9393,59.94,66,97,4.14
271,Quatre Cocos,MU,2022-04-03 04:15:03,-20.2078,57.7625,77.11,87,100,15.3
272,Biltine,TD,2022-04-03 04:15:04,14.5333,20.9167,77.49,11,2,9.95
273,Saint Anthony,US,2022-04-03 04:15:04,45.0205,-93.218,39.92,60,100,8.05
274,Samarai,PG,2022-04-03 04:15:05,-10.6167,150.6667,81.07,76,100,6.78
275,Pochutla,MX,2022-04-03 04:15:05,15.7432,-96.4661,77.83,58,42,4.38
276,Carnarvon,AU,2022-04-03 04:15:05,-24.8667,113.6333,82.47,78,60,11.5
277,Port Macquarie,AU,2022-04-03 04:15:06,-31.4333,152.9167,79.9,50,99,6.67
278,Kieta,PG,2022-04-03 04:15:06,-6.2167,155.6333,83.1,80,46,7.9
279,Cayenne,GF,2022-04-03 04:15:07,4.9333,-52.3333,80.1,1,75,4.0
280,Alugan,PH,2022-04-03 04:15:07,12.2188,125.4808,82.11,76,56,8.59
281,Byron Bay,AU,2022-04-03 04:16:08,-28.65,153.6167,76.96,74,36,11.32
282,Safaga,EG,2022-04-03 04:16:08,26.7292,33.9365,76.6,32,17,9.1
283,Arenapolis,BR,2022-04-03 04:16:08,-14.4503,-56.8461,68.74,97,4,0.34
284,Port Moresby,PG,2022-04-03 04:14:56,-9.4431,147.1797,76.42,88,75,11.5
285,Pemba,MZ,2022-04-03 04:16:09,-12.974,40.5178,77.7,94,20,5.75
286,Carutapera,BR,2022-04-03 04:16:09,-1.195,-46.02,75.04,94,81,4.59
287,Hailey,US,2022-04-03 04:11:24,43.5196,-114.3153,39.06,38,0,4.61
288,Tarut,SA,2022-04-03 04:16:11,26.5733,50.0369,71.82,27,73,9.82
289,Alice Springs,AU,2022-04-03 04:12:41,-23.7,133.8833,81.95,17,0,8.05
290,Senekal,ZA,2022-04-03 04:16:11,-28.3197,27.6208,58.26,94,100,7.02
291,Touros,BR,2022-04-03 04:16:12,-5.1989,-35.4608,77.18,89,64,9.71
292,Marrakesh,MA,2022-04-03 04:13:35,31.6315,-8.0083,55.47,71,0,6.91
293,Praia Da Vitoria,PT,2022-04-03 04:16:12,38.7333,-27.0667,59.25,94,75,13.47
294,Shitanjing,CN,2022-04-03 04:16:13,39.2342,106.3439,56.08,10,1,2.57
295,Rasskazovo,RU,2022-04-03 04:16:13,52.6714,41.9033,45.09,88,94,19.1
296,Te Anau,NZ,2022-04-03 04:16:13,-45.4167,167.7167,70.84,35,79,1.25
297,Seoul,KR,2022-04-03 04:13:39,37.5683,126.9778,61.99,19,0,4.27
298,Rawson,AR,2022-04-03 04:16:14,-43.3002,-65.1023,61.43,33,100,17.74
299,Manokwari,ID,2022-04-03 04:16:14,-0.8667,134.0833,83.57,77,100,8.84
300,Cuamba,MZ,2022-04-03 04:16:15,-14.8031,36.5372,66.2,99,43,2.28
301,Dubbo,AU,2022-04-03 04:16:15,-32.25,148.6167,78.93,25,47,12.66
302,Kathu,TH,2022-04-03 04:16:16,7.9178,98.3332,84.02,92,79,9.8
303,Waipawa,NZ,2022-04-03 04:16:16,-41.4122,175.5153,63.81,76,20,3.53
304,Izhevskoye,RU,2022-04-03 04:16:17,54.5567,40.8703,34.86,100,100,1.77
305,Ilhabela,BR,2022-04-03 04:16:17,-23.7781,-45.3581,73.71,91,94,5.86
306,Ninghai,CN,2022-04-03 04:16:18,29.2892,121.4247,58.59,50,0,4.56
307,Najran,SA,2022-04-03 04:16:18,17.4924,44.1277,59.65,16,0,1.21
308,Henties Bay,NA,2022-04-03 04:16:18,-22.116,14.2845,59.05,90,36,5.68
309,Santa Cruz,BO,2022-04-03 04:16:19,-17.8,-63.1667,65.66,82,20,10.36
310,Libreville,GA,2022-04-03 04:16:20,0.3925,9.4537,75.7,89,97,2.91
311,Ulaanbaatar,MN,2022-04-03 04:16:20,47.9077,106.8832,50.13,11,75,4.47
312,Balkhash,KZ,2022-04-03 04:16:20,46.844,74.9804,52.41,58,0,8.95
313,Ust-Kuyga,RU,2022-04-03 04:16:21,70.0167,135.6,8.15,83,83,4.72
314,Ulladulla,AU,2022-04-03 04:16:22,-35.35,150.4667,76.1,52,11,14.18
315,Severo-Kurilsk,RU,2022-04-03 04:16:23,50.6789,156.125,30.34,72,100,25.59
316,Kahului,US,2022-04-03 04:16:23,20.8947,-156.47,75.22,77,40,24.16
317,Honiara,SB,2022-04-03 04:16:23,-9.4333,159.95,83.8,76,48,5.86
318,San Patricio,US,2022-04-03 04:16:24,28.017,-97.5169,71.89,90,39,8.5
319,Shakiso,ET,2022-04-03 04:16:24,5.75,38.9167,58.53,81,100,3.2
320,Morris,US,2022-04-03 04:16:25,40.8334,-74.5329,42.8,73,0,1.01
321,Karratha,AU,2022-04-03 04:16:25,-20.7377,116.8463,89.98,51,4,9.64
322,Sorkjosen,NO,2022-04-03 04:16:25,69.8,20.9333,23.0,68,40,13.8
323,Palizada,MX,2022-04-03 04:16:26,18.25,-92.0833,76.96,92,74,4.61
324,Vestmannaeyjar,IS,2022-04-03 04:16:27,63.4427,-20.2734,45.7,99,100,11.83
325,Plettenberg Bay,ZA,2022-04-03 04:16:28,-34.0527,23.3716,60.21,91,96,4.72
326,Beringovskiy,RU,2022-04-03 04:16:28,63.05,179.3167,5.05,87,100,14.99
327,Teguise,ES,2022-04-03 04:16:29,29.0605,-13.564,57.42,67,0,5.75
328,Lorengau,PG,2022-04-03 04:16:29,-2.0226,147.2712,83.55,71,100,7.14
329,State College,US,2022-04-03 04:16:29,40.7934,-77.86,44.78,65,100,0.0
330,Antalaha,MG,2022-04-03 04:17:14,-14.9003,50.2788,76.71,81,2,4.59
331,Sitka,US,2022-04-03 04:17:30,57.0531,-135.33,42.69,61,75,13.8
332,Innisfail,AU,2022-04-03 04:17:30,-17.5333,146.0333,84.13,68,100,8.77
333,Mount Gambier,AU,2022-04-03 04:17:31,-37.8333,140.7667,67.82,53,44,8.41
334,Kamaishi,JP,2022-04-03 04:17:31,39.2667,141.8833,49.23,62,12,11.65
335,Sept-Iles,CA,2022-04-03 04:17:32,50.2001,-66.3821,30.72,66,0,12.66
336,Puerto Del Rosario,ES,2022-04-03 04:17:32,28.5004,-13.8627,60.55,67,0,0.0
337,Vangaindrano,MG,2022-04-03 04:17:33,-23.35,47.6,71.06,90,6,3.65
338,Jerome,US,2022-04-03 04:17:33,42.7241,-114.5186,43.63,42,0,9.22
339,Iqaluit,CA,2022-04-03 04:17:33,63.7506,-68.5145,26.33,86,100,18.41
340,Mehamn,NO,2022-04-03 04:17:34,71.0357,27.8492,26.04,65,100,15.73
341,Chernyshevskiy,RU,2022-04-03 04:17:34,63.0128,112.4714,14.9,86,96,7.81
342,Lodwar,KE,2022-04-03 04:17:35,3.1191,35.5973,82.89,48,99,10.07
343,Auki,SB,2022-04-03 04:17:35,-8.7676,160.7034,86.22,66,61,8.59
344,Rognan,NO,2022-04-03 04:17:35,67.0953,15.3878,32.14,90,100,6.6
345,Egvekinot,RU,2022-04-03 04:17:36,66.3167,-179.1667,-4.9,86,10,14.54
346,Naze,JP,2022-04-03 04:17:36,28.3667,129.4833,59.92,74,100,15.46
347,El Tigre,VE,2022-04-03 04:17:37,8.8875,-64.2454,76.46,72,34,15.23
348,Macheng,CN,2022-04-03 04:17:38,31.1783,115.0319,68.22,35,0,2.59
349,Kamakwie,SL,2022-04-03 04:17:38,9.5,-12.2333,75.58,79,100,3.62
350,Yeppoon,AU,2022-04-03 04:17:39,-23.1333,150.7333,87.58,61,67,13.4
351,Bilibino,RU,2022-04-03 04:17:39,68.0546,166.4372,17.64,79,100,1.9
352,Champerico,GT,2022-04-03 04:17:40,14.3,-91.9167,82.4,71,0,8.88
353,Envira,BR,2022-04-03 04:17:40,-7.3,-70.2167,67.95,96,81,0.63
354,Port Hedland,AU,2022-04-03 04:17:40,-20.3167,118.5667,96.85,38,3,13.8
355,Asyut,EG,2022-04-03 04:17:41,27.181,31.1837,74.91,8,95,6.71
356,Ishigaki,JP,2022-04-03 04:13:09,24.3448,124.1572,65.8,84,100,32.06
357,Sur,OM,2022-04-03 04:17:41,22.5667,59.5289,86.59,41,60,7.52
358,Devils Lake,US,2022-04-03 04:17:42,48.1128,-98.8651,30.31,80,0,11.5
359,Pahrump,US,2022-04-03 04:16:58,36.2083,-115.9839,71.26,23,100,1.01
360,Vikhorevka,RU,2022-04-03 04:17:42,56.1201,101.1636,26.19,48,99,10.83
361,Normandin,CA,2022-04-03 04:17:42,48.8333,-72.5321,28.71,68,31,3.44
362,Belyy Yar,RU,2022-04-03 04:17:43,53.6039,91.3903,33.85,83,75,4.47
363,Nishihara,JP,2022-04-03 04:17:44,26.1842,127.7558,64.45,91,100,11.5
364,Zhigansk,RU,2022-04-03 04:17:45,66.7697,123.3711,17.96,91,100,8.95
365,Cam Ranh,VN,2022-04-03 04:17:45,11.9214,109.1591,82.36,61,75,23.02
366,Maniitsoq,GL,2022-04-03 04:17:46,65.4167,-52.9,30.13,97,100,7.85
367,Esso,RU,2022-04-03 04:17:46,55.9333,158.7,20.57,75,97,9.08
368,Leh,IN,2022-04-03 04:17:46,34.1667,77.5833,33.26,54,53,3.98
369,Luganville,VU,2022-04-03 04:17:47,-15.5333,167.1667,78.37,92,100,9.6
370,Kavarna,BG,2022-04-03 04:17:47,43.4333,28.3333,48.58,70,90,8.25
371,Dunedin,NZ,2022-04-03 04:14:44,-45.8742,170.5036,64.8,63,78,4.0
372,Salym,RU,2022-04-03 04:17:48,60.0625,71.4789,24.26,88,100,3.13
373,Miri,MY,2022-04-03 04:17:48,4.4148,114.0089,87.94,74,40,4.61
374,Moyo,UG,2022-04-03 04:17:48,3.6609,31.7247,66.24,79,83,4.05
375,Bardiyah,LY,2022-04-03 04:17:49,31.7561,25.0865,64.38,43,73,2.39
376,Margate,GB,2022-04-03 04:18:49,51.3813,1.3862,39.69,66,32,5.01
377,Tongliao,CN,2022-04-03 04:18:50,43.6125,122.2653,66.02,13,8,18.3
378,San Lawrenz,MT,2022-04-03 04:18:50,36.0553,14.204,51.85,69,76,16.37
379,Saint-Joseph,RE,2022-04-03 04:18:51,-21.3667,55.6167,73.09,85,100,11.01
380,Svetlogorsk,BY,2022-04-03 04:18:51,52.6333,29.7333,28.76,92,100,10.6
381,Broome,US,2022-04-03 04:18:51,42.2506,-75.833,38.66,64,0,4.61
382,Graaff-Reinet,ZA,2022-04-03 04:18:53,-32.2522,24.5308,54.91,96,100,0.81
383,Summerland,CA,2022-04-03 04:18:53,49.5998,-119.6691,44.19,44,20,4.61
384,Wanaka,NZ,2022-04-03 04:18:54,-44.7,169.15,75.11,34,43,1.01
385,Vila Franca Do Campo,PT,2022-04-03 04:18:54,37.7167,-25.4333,55.81,87,71,6.98
386,La Grande,US,2022-04-03 04:18:54,45.3246,-118.0877,41.0,59,1,1.79
387,Berlevag,NO,2022-04-03 04:18:55,70.8578,29.0864,21.0,71,100,19.48
388,Gasa,PS,2022-04-03 04:16:45,31.5,34.4667,63.9,64,100,5.21
389,Conakry,GN,2022-04-03 04:16:49,9.538,-13.6773,76.64,76,95,6.64
390,Alyangula,AU,2022-04-03 04:18:55,-13.8483,136.4192,85.28,60,84,3.51
391,Kimbe,PG,2022-04-03 04:18:56,-5.5502,150.1429,76.41,91,100,1.41
392,Meulaboh,ID,2022-04-03 04:18:56,4.1363,96.1285,80.55,79,99,2.17
393,Sambava,MG,2022-04-03 04:18:57,-14.2667,50.1667,75.0,86,5,5.79
394,Japoata,BR,2022-04-03 04:18:57,-10.3467,-36.8011,72.86,92,12,1.3
395,Porto De Moz,BR,2022-04-03 04:18:57,-1.7483,-52.2383,72.84,98,60,2.82
396,Mahajanga,MG,2022-04-03 04:18:58,-15.7167,46.3167,75.22,100,20,2.3
397,Arlit,NE,2022-04-03 04:18:58,18.7369,7.3853,78.96,6,57,5.82
398,Menongue,AO,2022-04-03 04:18:59,-14.6585,17.691,63.12,97,100,5.97
399,Shelburne,CA,2022-04-03 04:15:10,44.0787,-80.2041,34.23,80,100,3.62
400,Thoen,TH,2022-04-03 04:19:00,17.6129,99.2161,79.99,53,88,3.96
401,Makakilo City,US,2022-04-03 04:19:01,21.3469,-158.0858,79.12,67,40,18.41
402,Cockburn Town,TC,2022-04-03 04:17:58,21.4612,-71.1419,77.72,78,4,20.6
403,Bubaque,GW,2022-04-03 04:19:01,11.2833,-15.8333,74.14,67,91,10.42
404,Harper,LR,2022-04-03 04:19:01,4.375,-7.7169,77.76,89,100,8.61
405,Antonina,BR,2022-04-03 04:19:02,-25.4286,-48.7119,70.21,92,100,1.01
406,Piacabucu,BR,2022-04-03 04:19:02,-10.4056,-36.4344,76.48,85,11,4.12
407,Rio Gallegos,AR,2022-04-03 04:19:03,-51.6226,-69.2181,41.05,75,0,13.8
408,Iracoubo,GF,2022-04-03 04:19:03,5.4802,-53.2011,77.72,88,97,12.39
409,Miles City,US,2022-04-03 04:19:04,46.4083,-105.8406,43.77,87,100,27.63
410,Pierre,US,2022-04-03 04:14:06,44.3683,-100.351,43.86,59,0,13.0
411,Padang,ID,2022-04-03 04:19:04,-0.9492,100.3543,86.05,59,6,6.15
412,Pacasmayo,PE,2022-04-03 04:19:05,-7.4006,-79.5714,69.55,82,85,12.44
413,Kongoussi,BF,2022-04-03 04:19:05,13.3258,-1.5347,85.93,39,100,7.65
414,Aktau,KZ,2022-04-03 04:19:05,43.65,51.2,55.98,48,9,8.55
415,Maniwaki,CA,2022-04-03 04:19:06,46.3834,-75.966,34.18,64,100,1.14
416,Horta,PT,2022-04-03 04:19:06,38.5333,-28.6333,58.32,79,99,21.36
417,Pringsewu,ID,2022-04-03 04:19:07,-5.3582,104.9744,89.62,55,40,1.54
418,Saint-Paul,RE,2022-04-03 04:19:07,-21.0096,55.2707,77.09,76,100,5.73
419,Puerto Escondido,MX,2022-04-03 04:19:08,15.85,-97.0667,77.83,78,0,5.75
420,Feijo,BR,2022-04-03 04:19:09,-8.1642,-70.3536,70.5,90,97,0.29
421,Haines Junction,CA,2022-04-03 04:19:09,60.7522,-137.5108,37.35,44,100,4.61
422,Los Llanos De Aridane,ES,2022-04-03 04:20:10,28.6585,-17.9182,58.75,86,100,2.3
423,Marzuq,YE,2022-04-03 04:20:10,14.4,46.4667,72.21,23,0,0.31
424,Toba,JP,2022-04-03 04:20:10,34.4833,136.85,51.8,91,100,1.99
425,Ponta Delgada,PT,2022-04-03 04:20:12,37.7333,-25.6667,56.12,94,20,4.61
426,Ternate,ID,2022-04-03 04:20:12,0.8,127.4,83.66,71,76,5.77
427,Mutum,BR,2022-04-03 04:20:12,-19.8,-41.4383,69.78,92,32,1.41
428,Inhambane,MZ,2022-04-03 04:20:13,-23.865,35.3833,76.51,76,71,6.82
429,Vitoria,BR,2022-04-03 04:20:13,-20.3194,-40.3378,76.86,92,75,2.3
430,Qui Nhon,VN,2022-04-03 04:20:14,13.7667,109.2333,72.97,88,100,25.19
431,Doaba,PK,2022-04-03 04:20:14,33.4244,70.7364,78.76,14,0,2.37
432,Pandan Niog,PH,2022-04-03 04:20:15,6.2282,120.5631,79.57,82,100,14.38
433,Sao Jose Da Coroa Grande,BR,2022-04-03 04:20:16,-8.8978,-35.1478,77.52,84,18,5.75
434,Umm Kaddadah,SD,2022-04-03 04:20:16,13.6017,26.6876,74.59,18,47,12.06
435,Peniche,PT,2022-04-03 04:15:24,39.3558,-9.3811,49.1,53,85,11.34
436,Shubarkuduk,KZ,2022-04-03 04:20:17,49.1447,56.4872,44.53,71,100,12.12
437,Nouadhibou,MR,2022-04-03 04:20:17,20.931,-17.0347,60.78,94,0,5.75
438,Mega,ET,2022-04-03 04:20:18,4.05,38.3,60.35,63,96,13.51
439,Ilulissat,GL,2022-04-03 04:20:18,69.2167,-51.1,28.42,74,98,3.44
440,Huarmey,PE,2022-04-03 04:20:20,-10.0681,-78.1522,69.39,86,68,10.18
441,Ballina,AU,2022-04-03 04:17:56,-28.8667,153.5667,86.18,77,74,9.57
442,Surazh,RU,2022-04-03 04:20:20,53.0175,32.3918,27.91,96,100,11.05
443,Goundam,ML,2022-04-03 04:20:21,16.4145,-3.6708,80.91,15,0,8.16
444,Flinders,AU,2022-04-03 04:20:21,-34.5833,150.8552,78.39,52,75,11.01
445,Cururupu,BR,2022-04-03 04:18:33,-1.8283,-44.8683,73.98,98,54,1.86
446,Zheleznodorozhnyy,RU,2022-04-03 04:20:22,55.7503,38.0042,30.42,93,100,13.49
447,Diffa,NE,2022-04-03 04:20:22,13.3154,12.6113,78.33,8,98,9.1
448,Kutum,SD,2022-04-03 04:20:23,14.2,24.6667,69.4,20,24,6.02
449,Portoferraio,IT,2022-04-03 04:20:23,42.8115,10.3146,41.09,66,81,7.2
450,Stettler,CA,2022-04-03 04:20:25,52.3168,-112.7186,31.75,100,83,8.05
451,Miaoli,TW,2022-04-03 04:20:25,24.5643,120.8237,64.96,74,100,19.28
452,Wilmington,US,2022-04-03 04:16:52,34.2257,-77.9447,59.86,85,0,1.01
453,Barahona,DO,2022-04-03 04:20:26,18.2085,-71.1008,75.33,82,12,4.45
454,Karaton,ID,2022-04-03 04:20:26,-6.3424,106.1045,85.1,68,34,7.0
455,San Andres,CO,2022-04-03 04:20:27,12.5847,-81.7006,80.62,83,20,10.36
456,Wajima,JP,2022-04-03 04:20:27,37.4,136.9,54.28,58,75,2.3
457,Hirara,JP,2022-04-03 04:20:27,24.8,125.2833,67.86,94,75,18.41
458,Schuttorf,DE,2022-04-03 04:19:13,52.3167,7.2333,29.21,70,12,4.63
459,Qurayyat,SA,2022-04-03 04:20:28,31.3318,37.3428,57.38,38,0,0.0
460,Verkhoyansk,RU,2022-04-03 04:20:29,67.5447,133.385,14.0,76,98,2.01
461,Mikhaylovka,RU,2022-04-03 04:20:29,50.06,43.2379,51.78,77,17,17.34
462,Pacific Grove,US,2022-04-03 04:18:29,36.6177,-121.9166,56.25,84,0,5.01
463,Arman,RU,2022-04-03 04:20:30,59.7,150.1667,22.17,59,100,3.74
464,Taggia,IT,2022-04-03 04:21:30,43.8485,7.8545,43.79,65,53,4.21
465,Moosomin,CA,2022-04-03 04:21:31,50.1333,-101.6677,22.15,94,100,5.48
466,San Cristobal,VE,2022-04-03 04:21:31,7.7669,-72.225,71.78,80,25,2.13
467,Maple Creek,CA,2022-04-03 04:21:31,49.9168,-109.4848,43.21,75,36,5.75
468,Grand-Lahou,CI,2022-04-03 04:21:32,5.1367,-5.0242,78.69,88,98,11.14
469,Guerrero Negro,MX,2022-04-03 04:21:33,27.9769,-114.0611,59.86,76,92,13.33
470,Tezu,IN,2022-04-03 04:21:33,27.9167,96.1667,74.57,72,100,3.13
471,Bundaberg,AU,2022-04-03 04:21:33,-24.85,152.35,84.49,63,14,10.36
472,Ossora,RU,2022-04-03 04:21:34,59.2353,163.0719,28.26,87,100,9.51
473,Ikalamavony,MG,2022-04-03 04:21:34,-21.15,46.5833,60.89,74,0,4.52
474,Storforshei,NO,2022-04-03 04:21:34,66.4043,14.5233,27.66,92,100,1.14
475,Senno,RU,2022-04-03 04:21:35,59.5336,33.9167,13.46,96,27,3.58
476,Teguldet,RU,2022-04-03 04:21:35,57.3064,88.1667,28.36,75,100,4.79
477,Fomboni,KM,2022-04-03 04:21:36,-12.28,43.7425,82.0,71,27,0.56
478,Gambela,ET,2022-04-03 04:21:36,8.25,34.5833,80.76,53,92,1.3
479,Tignere,CM,2022-04-03 04:21:37,7.3667,12.65,67.06,31,100,3.31
480,Vuktyl,RU,2022-04-03 04:21:37,63.8567,57.3094,18.39,84,89,6.17
481,Stonewall,CA,2022-04-03 04:21:38,50.1344,-97.3268,29.88,95,100,2.26
482,Port Augusta,AU,2022-04-03 04:21:38,-32.5,137.7667,76.06,28,5,4.0
483,Micheweni,TZ,2022-04-03 04:21:38,-4.9667,39.8333,81.19,74,85,4.9
484,Krasnyy Chikoy,RU,2022-04-03 04:21:39,50.3643,108.7512,43.36,56,49,11.23
485,Vostok,RU,2022-04-03 04:21:40,46.4856,135.8833,42.31,67,0,10.07
486,Coolum Beach,AU,2022-04-03 04:21:40,-26.5333,153.1,81.34,73,2,1.01
487,Ipatovo,RU,2022-04-03 04:21:40,45.7181,42.9036,54.77,63,100,6.85
488,Kamenka,RU,2022-04-03 04:21:41,51.3223,42.7678,50.63,79,79,21.56
489,Cabrera,DO,2022-04-03 04:21:41,19.6426,-69.9049,75.94,84,10,14.43
490,Esqueda,MX,2022-04-03 04:21:42,30.7167,-109.5833,60.13,21,0,7.54
491,Saint-Pierre,RE,2022-04-03 04:21:42,-21.3393,55.4781,74.17,94,100,4.61
492,Vichy,FR,2022-04-03 04:21:42,46.25,3.5833,33.35,98,100,4.0
493,Trelew,AR,2022-04-03 04:21:43,-43.249,-65.3051,61.92,24,100,19.75
494,Khorixas,NA,2022-04-03 04:21:43,-20.3667,14.9667,69.37,50,3,1.63
495,Tete,MZ,2022-04-03 04:21:44,-16.1564,33.5867,75.29,100,75,3.44
496,Olafsvik,IS,2022-04-03 04:21:44,64.8945,-23.7142,42.46,98,100,10.22
497,Sorland,NO,2022-04-03 04:21:44,67.667,12.6934,36.43,64,100,28.97
498,Tenerife,CO,2022-04-03 04:21:45,9.9003,-74.859,80.35,76,24,4.79
499,Halifax,CA,2022-04-03 04:20:33,44.6453,-63.5724,35.69,69,25,6.91
500,Dicabisagan,PH,2022-04-03 04:21:46,17.0818,122.4157,82.99,63,84,4.88
501,North Bend,US,2022-04-03 04:20:45,43.4065,-124.2243,48.11,90,0,6.91
502,Kudat,MY,2022-04-03 04:21:46,6.8837,116.8477,84.13,84,40,3.44
503,Angoche,MZ,2022-04-03 04:21:47,-16.2325,39.9086,75.83,83,48,2.13
504,Kununurra,AU,2022-04-03 04:21:47,-15.7667,128.7333,96.78,17,37,4.61
505,Dafeng,CN,2022-04-03 04:21:47,23.4517,108.5881,68.76,41,0,7.11
506,Mirnyy,RU,2022-04-03 04:21:48,62.5353,113.9611,21.24,57,99,8.99
507,Nome,US,2022-04-03 04:19:08,64.5011,-165.4064,19.47,53,0,11.5
508,Solnechnyy,RU,2022-04-03 04:21:48,50.7214,136.6319,40.89,89,100,6.29
509,Salalah,OM,2022-04-03 04:22:49,17.0151,54.0924,78.89,34,0,2.3
510,Aykhal,RU,2022-04-03 04:22:49,66.0,111.5,15.8,86,100,8.43
511,Otjimbingwe,NA,2022-04-03 04:22:49,-22.35,16.1333,67.86,37,0,1.41
512,Dois Vizinhos,BR,2022-04-03 04:18:14,-25.7336,-53.0572,60.26,93,24,6.31
513,Sozimskiy,RU,2022-04-03 04:22:50,59.7418,52.2482,26.35,95,100,13.53
514,Rock Sound,BS,2022-04-03 04:22:50,24.9,-76.2,76.78,76,13,11.27
515,Labytnangi,RU,2022-04-03 04:22:51,66.6572,66.4183,9.93,89,46,5.5
516,Muros,ES,2022-04-03 04:22:51,42.7762,-9.0603,42.84,76,2,11.3
517,Agutaya,PH,2022-04-03 04:22:52,11.148,120.9417,82.18,76,85,20.62
518,Dongying,CN,2022-04-03 04:22:52,37.4564,118.4856,62.56,30,6,5.01
519,Pacifica,US,2022-04-03 04:22:52,37.6138,-122.4869,64.15,75,40,14.97
520,Ialibu,PG,2022-04-03 04:22:53,-6.2821,143.9935,66.16,73,98,3.76
521,Albion,US,2022-04-03 04:22:53,42.2431,-84.753,34.57,95,100,3.44
522,Marawi,PH,2022-04-03 04:22:54,7.9986,124.2928,73.17,90,100,3.85
523,Yaring,TH,2022-04-03 04:22:54,6.8662,101.3689,80.29,75,94,3.31
524,Ghanzi,BW,2022-04-03 04:22:54,-21.5667,21.7833,69.67,72,100,5.99
525,Ambilobe,MG,2022-04-03 04:22:55,-13.2,49.05,74.48,92,8,1.57
526,Nagamangala,IN,2022-04-03 04:22:55,12.8156,76.7575,82.85,46,8,5.57
527,Brokopondo,SR,2022-04-03 04:22:55,4.75,-55.1667,75.09,94,100,9.35
528,Tombouctou,ML,2022-04-03 04:22:56,20.0,-3.0,81.32,11,4,9.71
529,Pokhara,NP,2022-04-03 04:22:56,28.2333,83.9833,78.01,55,39,5.1
530,Lethem,GY,2022-04-03 04:22:57,3.3803,-59.7968,77.09,81,92,13.94
531,Mana,GF,2022-04-03 04:22:57,5.6592,-53.7767,77.47,89,100,10.92
532,Skjervoy,NO,2022-04-03 04:22:57,70.0311,20.9714,23.0,68,27,14.88
533,Leo,BF,2022-04-03 04:22:58,11.1,-2.1,82.72,54,97,9.66
534,Ziro,IN,2022-04-03 04:22:58,27.6333,93.8333,52.54,90,95,1.74
535,Cavalcante,BR,2022-04-03 04:22:59,-13.7975,-47.4583,66.36,52,10,2.95
536,Nanga Eboko,CM,2022-04-03 04:22:59,4.6833,12.3667,68.54,92,97,2.35
537,Lagos,NG,2022-04-03 04:22:59,6.5833,3.75,80.92,86,92,3.91
538,Masunga,BW,2022-04-03 04:23:00,-20.6246,27.4488,65.35,62,59,6.26
539,Zyryanka,RU,2022-04-03 04:23:00,65.75,150.85,6.26,72,95,4.16
540,Westport,US,2022-04-03 04:23:01,41.1415,-73.3579,42.78,81,0,6.91
541,Akyab,MM,2022-04-03 04:23:01,20.15,92.9,84.47,67,10,5.26
542,Bhatkal,IN,2022-04-03 04:23:01,13.9667,74.5667,85.59,67,16,4.54
543,Goderich,CA,2022-04-03 04:23:03,43.7501,-81.7165,34.12,100,100,1.14
544,Calama,CL,2022-04-03 04:23:03,-22.4667,-68.9333,48.69,34,0,14.97
545,Omboue,GA,2022-04-03 04:23:03,-1.5746,9.2618,73.33,93,94,3.15
546,Esperance,AU,2022-04-03 04:23:04,-33.8667,121.9,79.03,44,75,7.61
547,Elizabeth City,US,2022-04-03 04:18:50,36.2946,-76.2511,52.02,79,20,5.75
548,Tupelo,US,2022-04-03 04:20:23,34.2576,-88.7034,57.49,62,0,0.0
549,Iglesias,IT,2022-04-03 04:23:05,39.3114,8.535,41.79,61,60,10.98
550,Rancho Palos Verdes,US,2022-04-03 04:23:05,33.7445,-118.387,61.41,85,100,9.22
551,Laguna,US,2022-04-03 04:19:30,38.421,-121.4238,66.33,41,0,4.61
552,Invermere,CA,2022-04-03 04:20:47,50.5167,-116.0354,30.06,93,9,3.11
553,Steenwijk,NL,2022-04-03 04:23:07,52.7875,6.1208,35.94,83,69,3.0
554,Langsa,ID,2022-04-03 04:23:08,4.4683,97.9683,78.21,85,100,3.02
